{
    "version": "https://jsonfeed.org/version/1",
    "title": "cj.llampsitrons.github.io",
    "description": "",
    "home_page_url": "https://cj-llampsitrons.github.io",
    "feed_url": "https://cj-llampsitrons.github.io/feed.json",
    "user_comment": "",
    "author": {
        "name": "Llamps i Trons"
    },
    "items": [
        {
            "id": "https://cj-llampsitrons.github.io/test-5.html",
            "url": "https://cj-llampsitrons.github.io/test-5.html",
            "title": "Test 5",
            "summary": "Test 5",
            "content_html": "<p>Test 5</p>",
            "author": {
                "name": "Llamps i Trons"
            },
            "tags": [
            ],
            "date_published": "2024-12-13T12:32:33+01:00",
            "date_modified": "2024-12-13T12:32:33+01:00"
        },
        {
            "id": "https://cj-llampsitrons.github.io/test-4.html",
            "url": "https://cj-llampsitrons.github.io/test-4.html",
            "title": "test 4",
            "summary": "test 4",
            "content_html": "<p>test 4</p>",
            "author": {
                "name": "Llamps i Trons"
            },
            "tags": [
            ],
            "date_published": "2024-12-13T12:11:21+01:00",
            "date_modified": "2024-12-13T12:11:21+01:00"
        },
        {
            "id": "https://cj-llampsitrons.github.io/test-3.html",
            "url": "https://cj-llampsitrons.github.io/test-3.html",
            "title": "Test 3",
            "summary": "Test 3",
            "content_html": "<p>Test 3</p>",
            "author": {
                "name": "Llamps i Trons"
            },
            "tags": [
            ],
            "date_published": "2024-12-13T12:02:56+01:00",
            "date_modified": "2024-12-13T12:02:56+01:00"
        },
        {
            "id": "https://cj-llampsitrons.github.io/test-2.html",
            "url": "https://cj-llampsitrons.github.io/test-2.html",
            "title": "Test 2",
            "summary": "Tst 2",
            "content_html": "<p>Tst 2</p>",
            "author": {
                "name": "Llamps i Trons"
            },
            "tags": [
            ],
            "date_published": "2024-12-13T11:56:59+01:00",
            "date_modified": "2024-12-13T11:56:59+01:00"
        },
        {
            "id": "https://cj-llampsitrons.github.io/marcador.html",
            "url": "https://cj-llampsitrons.github.io/marcador.html",
            "title": "Marcador",
            "content_html": "<div class=\"post__iframe\"><iframe loading=\"lazy\" style=\"width: 100%; height: 100vh; border: none;\" src=\"https://cj-llampsitrons.github.io/comptador\"></iframe></div>",
            "author": {
                "name": "Llamps i Trons"
            },
            "tags": [
            ],
            "date_published": "2024-12-13T10:30:31+01:00",
            "date_modified": "2024-12-13T12:45:51+01:00"
        }
    ]
}
